<?xml version="1.0" encoding="UTF-8"?>
<menu>
    <juhe>
        <dish>
            <name>Goveđa juha</name>
            <price>5,00 €</price>
        </dish>
        <dish>
            <name>Krem Juha od gljiva</name>
            <price>6,00 €</price>
        </dish>
        <dish>
            <name>Juha od rajčice</name>
            <price>4,50 €</price>
        </dish>
    </juhe>
    <predjela>
        <dish>
            <name>Bruschetta</name>
            <price>7,00 €</price>
        </dish>
        <dish>
            <name>Caprese Salata</name>
            <price>8,00 €</price>
        </dish>
        <dish>
            <name>Carpaccio od govedine</name>
            <price>10,00 €</price>
        </dish>
        <dish>
            <name>Hobotnica na žaru</name>
            <price>12,00 €</price>
        </dish>
    </predjela>
    <glavnaJela>
        <dish>
            <name>Spaghetti Carbonara</name>
            <price>12,00 €</price>
        </dish>
        <dish>
            <name>Penne all'Arrabbiata</name>
            <price>10,00 €</price>
        </dish>
        <dish>
            <name>Lasagna alla Bolognese</name>
            <price>14,00 €</price>
        </dish>
        <dish>
            <name>Salata Caprese</name>
            <price>8,00 €</price>
        </dish>
        <dish>
            <name>Salata di Mare</name>
            <price>12,00 €</price>
        </dish>
        <dish>
            <name>Pizza Margherita</name>
            <price>9,00 €</price>
        </dish>
        <dish>
            <name>Pizza Quattro Stagioni</name>
            <price>12,00 €</price>
        </dish>
        <dish>
            <name>Pizza Diavola</name>
            <price>11,00 €</price>
        </dish>
        <dish>
            <name>Pizza Vegetariana</name>
            <price>10,00 €</price>
        </dish>
    </glavnaJela>
    <deserti>
        <dish>
            <name>Tiramisu</name>
            <price>6,00 €</price>
        </dish>
        <dish>
            <name>Čokoladni souffle</name>
            <price>7,00 €</price>
        </dish>
        <dish>
            <name>Panna cotta</name>
            <price>5,50 €</price>
        </dish>
    </deserti>
</menu>
